Country Code,Country,Year,Total Percent,Time_Detail,Latitude,Longitude
8,Albania,2008,2.8,2008,41.153332,20.168331
8,Albania,2009,2.7,2009,41.153332,20.168331
8,Albania,2010,2.8,2010,41.153332,20.168331
8,Albania,2011,2.5,2011,41.153332,20.168331
8,Albania,2012,2.4,2012,41.153332,20.168331
8,Albania,2013,2.3,2013,41.153332,20.168331
8,Albania,2014,2.3,2014,41.153332,20.168331
8,Albania,2015,2.4,2015,41.153332,20.168331
8,Albania,2016,2.6,2016,41.153332,20.168331
8,Albania,2017,2.8,2017,41.153332,20.168331
8,Albania,2018,3.2,2018,41.153332,20.168331
8,Albania,2019,3.8,2019,41.153332,20.168331
8,Albania,2020,2.9,2020,41.153332,20.168331
8,Albania,2021,3.3,2021,41.153332,20.168331
8,Albania,2022,4.0,2022,41.153332,20.168331
12,Algeria,2008,0.8,2008,28.033886,1.659626
12,Algeria,2009,1.1,2009,28.033886,1.659626
12,Algeria,2010,1.0,2010,28.033886,1.659626
12,Algeria,2011,0.9,2011,28.033886,1.659626
12,Algeria,2012,0.9,2012,28.033886,1.659626
12,Algeria,2013,1.0,2013,28.033886,1.659626
12,Algeria,2014,1.1,2014,28.033886,1.659626
12,Algeria,2015,1.3,2015,28.033886,1.659626
12,Algeria,2016,1.4,2016,28.033886,1.659626
12,Algeria,2017,1.6,2017,28.033886,1.659626
12,Algeria,2018,1.7,2018,28.033886,1.659626
12,Algeria,2019,1.8,2019,28.033886,1.659626
12,Algeria,2020,1.0,2020,28.033886,1.659626
12,Algeria,2021,1.2,2021,28.033886,1.659626
12,Algeria,2022,1.2,2022,28.033886,1.659626
28,Antigua and Barbuda,2011,10.5,2011,17.060816,-61.796428
28,Antigua and Barbuda,2012,10.2,2012,17.060816,-61.796428
28,Antigua and Barbuda,2013,10.7,2013,17.060816,-61.796428
28,Antigua and Barbuda,2014,10.9,2014,17.060816,-61.796428
28,Antigua and Barbuda,2015,11.3,2015,17.060816,-61.796428
28,Antigua and Barbuda,2016,11.4,2016,17.060816,-61.796428
28,Antigua and Barbuda,2017,10.8,2017,17.060816,-61.796428
28,Antigua and Barbuda,2018,10.7,2018,17.060816,-61.796428
28,Antigua and Barbuda,2019,10.6,2019,17.060816,-61.796428
28,Antigua and Barbuda,2020,7.5,2020,17.060816,-61.796428
28,Antigua and Barbuda,2021,9.7,2021,17.060816,-61.796428
28,Antigua and Barbuda,2022,11.7,2022,17.060816,-61.796428
32,Argentina,2016,1.9,2016,-38.416097,-63.616672
32,Argentina,2017,2.0,2017,-38.416097,-63.616672
32,Argentina,2018,1.8,2018,-38.416097,-63.616672
32,Argentina,2019,1.8,2019,-38.416097,-63.616672
32,Argentina,2020,0.9,2020,-38.416097,-63.616672
32,Argentina,2021,0.8,2021,-38.416097,-63.616672
32,Argentina,2022,1.7,2022,-38.416097,-63.616672
533,Aruba,2013,19.9,2013,12.52111,-69.968338
533,Aruba,2014,21.1,2014,12.52111,-69.968338
533,Aruba,2015,21.6,2015,12.52111,-69.968338
533,Aruba,2016,21.2,2016,12.52111,-69.968338
533,Aruba,2017,21.2,2017,12.52111,-69.968338
36,Australia,2008,2.9,2008,-25.274398,133.775136
36,Australia,2009,2.8,2009,-25.274398,133.775136
36,Australia,2010,2.7,2010,-25.274398,133.775136
36,Australia,2011,2.7,2011,-25.274398,133.775136
36,Australia,2012,2.8,2012,-25.274398,133.775136
36,Australia,2013,2.9,2013,-25.274398,133.775136
36,Australia,2014,3.0,2014,-25.274398,133.775136
36,Australia,2015,3.1,2015,-25.274398,133.775136
36,Australia,2016,3.1,2016,-25.274398,133.775136
36,Australia,2017,3.1,2017,-25.274398,133.775136
36,Australia,2018,3.1,2018,-25.274398,133.775136
36,Australia,2019,2.4,2019,-25.274398,133.775136
36,Australia,2020,1.4,2020,-25.274398,133.775136
36,Australia,2021,1.5,2021,-25.274398,133.775136
36,Australia,2022,2.5,2022,-25.274398,133.775136
40,Austria,2018,5.2,2018,47.516231,14.550072
40,Austria,2019,5.3,2019,47.516231,14.550072
40,Austria,2020,3.4,2020,47.516231,14.550072
40,Austria,2021,2.7,2021,47.516231,14.550072
31,Azerbaijan,2016,3.7,2016,40.143105,47.576927
31,Azerbaijan,2022,2.2,2022,40.143105,47.576927
44,Bahamas,2012,15.2,2012,25.03428,-77.39628
48,Bahrain,2017,7.3,2017,25.930414,50.637772
48,Bahrain,2018,6.1,2018,25.930414,50.637772
48,Bahrain,2019,6.6,2019,25.930414,50.637772
48,Bahrain,2020,1.4,2020,25.930414,50.637772
48,Bahrain,2021,3.2,2021,25.930414,50.637772
48,Bahrain,2022,6.0,2022,25.930414,50.637772
50,Bangladesh,2019,3.0,2019,23.684994,90.356331
112,Belarus,2014,1.8,2014,53.709807,27.953389
112,Belarus,2016,2.2,2016,53.709807,27.953389
112,Belarus,2018,2.5,2018,53.709807,27.953389
112,Belarus,2020,1.4,2020,53.709807,27.953389
56,Belgium,2016,2.2,2016,50.503887,4.469936
56,Belgium,2019,1.9,2019,50.503887,4.469936
60,Bermuda,2008,4.9,2008,32.321384,-64.75737
60,Bermuda,2009,4.3,2009,32.321384,-64.75737
60,Bermuda,2010,5.2,2010,32.321384,-64.75737
60,Bermuda,2011,5.7,2011,32.321384,-64.75737
60,Bermuda,2012,5.2,2012,32.321384,-64.75737
60,Bermuda,2013,5.0,2013,32.321384,-64.75737
60,Bermuda,2014,4.6,2014,32.321384,-64.75737
60,Bermuda,2015,4.2,2015,32.321384,-64.75737
60,Bermuda,2016,4.7,2016,32.321384,-64.75737
60,Bermuda,2017,4.8,2017,32.321384,-64.75737
60,Bermuda,2018,5.3,2018,32.321384,-64.75737
60,Bermuda,2019,5.1,2019,32.321384,-64.75737
60,Bermuda,2020,1.8,2020,32.321384,-64.75737
60,Bermuda,2021,2.2,2021,32.321384,-64.75737
64,Bhutan,2019,9.5,2019,27.514162,90.433601
72,Botswana,2009,3.7,2009,-22.328474,24.684866
72,Botswana,2016,4.9,2016,-22.328474,24.684866
72,Botswana,2019,5.1,2019,-22.328474,24.684866
96,Brunei,2010,0.8,2010,4.535277,114.727669
96,Brunei,2011,0.7,2011,4.535277,114.727669
96,Brunei,2012,0.6,2012,4.535277,114.727669
96,Brunei,2013,0.7,2013,4.535277,114.727669
96,Brunei,2014,0.7,2014,4.535277,114.727669
96,Brunei,2015,0.8,2015,4.535277,114.727669
96,Brunei,2016,0.8,2016,4.535277,114.727669
120,Cameroon,2012,3.3,2012,7.369722,12.354722
120,Cameroon,2013,3.4,2013,7.369722,12.354722
120,Cameroon,2014,3.2,2014,7.369722,12.354722
120,Cameroon,2015,3.7,2015,7.369722,12.354722
120,Cameroon,2016,4.0,2016,7.369722,12.354722
120,Cameroon,2017,4.1,2017,7.369722,12.354722
120,Cameroon,2018,5.1,2018,7.369722,12.354722
120,Cameroon,2019,5.1,2019,7.369722,12.354722
120,Cameroon,2020,4.7,2020,7.369722,12.354722
120,Cameroon,2021,4.8,2021,7.369722,12.354722
124,Canada,2008,1.9,2008,56.130366,-106.346771
124,Canada,2009,1.9,2009,56.130366,-106.346771
124,Canada,2010,1.9,2010,56.130366,-106.346771
124,Canada,2011,1.9,2011,56.130366,-106.346771
124,Canada,2012,1.9,2012,56.130366,-106.346771
124,Canada,2013,1.9,2013,56.130366,-106.346771
124,Canada,2014,1.9,2014,56.130366,-106.346771
124,Canada,2015,2.0,2015,56.130366,-106.346771
124,Canada,2016,2.1,2016,56.130366,-106.346771
124,Canada,2017,2.1,2017,56.130366,-106.346771
124,Canada,2018,2.1,2018,56.130366,-106.346771
124,Canada,2019,2.1,2019,56.130366,-106.346771
124,Canada,2020,1.0,2020,56.130366,-106.346771
124,Canada,2021,1.0,2021,56.130366,-106.346771
124,Canada,2022,1.4,2022,56.130366,-106.346771
152,Chile,2008,3.2,2008,-35.675147,-71.542969
152,Chile,2009,3.3,2009,-35.675147,-71.542969
152,Chile,2010,3.2,2010,-35.675147,-71.542969
152,Chile,2011,3.2,2011,-35.675147,-71.542969
152,Chile,2012,3.5,2012,-35.675147,-71.542969
152,Chile,2013,3.1,2013,-35.675147,-71.542969
152,Chile,2014,3.1,2014,-35.675147,-71.542969
152,Chile,2015,3.4,2015,-35.675147,-71.542969
152,Chile,2016,3.6,2016,-35.675147,-71.542969
152,Chile,2017,3.5,2017,-35.675147,-71.542969
152,Chile,2018,3.3,2018,-35.675147,-71.542969
152,Chile,2019,3.3,2019,-35.675147,-71.542969
344,Hong Kong,2008,2.8,2008,22.396428,114.109497
344,Hong Kong,2009,3.2,2009,22.396428,114.109497
344,Hong Kong,2010,4.3,2010,22.396428,114.109497
344,Hong Kong,2011,4.5,2011,22.396428,114.109497
344,Hong Kong,2012,4.7,2012,22.396428,114.109497
344,Hong Kong,2013,5.0,2013,22.396428,114.109497
344,Hong Kong,2014,5.1,2014,22.396428,114.109497
344,Hong Kong,2015,5.0,2015,22.396428,114.109497
344,Hong Kong,2016,4.7,2016,22.396428,114.109497
344,Hong Kong,2017,4.5,2017,22.396428,114.109497
344,Hong Kong,2018,4.5,2018,22.396428,114.109497
344,Hong Kong,2019,3.6,2019,22.396428,114.109497
344,Hong Kong,2020,0.4,2020,22.396428,114.109497
344,Hong Kong,2021,0.1,2021,22.396428,114.109497
344,Hong Kong,2022,0.4,2022,22.396428,114.109497
446,Macau,2010,54.9,2010,22.198745,113.543873
446,Macau,2011,58.8,2011,22.198745,113.543873
446,Macau,2012,58.7,2012,22.198745,113.543873
446,Macau,2013,59.6,2013,22.198745,113.543873
446,Macau,2014,56.2,2014,22.198745,113.543873
446,Macau,2015,47.8,2015,22.198745,113.543873
446,Macau,2016,47.0,2016,22.198745,113.543873
446,Macau,2017,49.9,2017,22.198745,113.543873
446,Macau,2018,52.3,2018,22.198745,113.543873
446,Macau,2019,52.6,2019,22.198745,113.543873
446,Macau,2020,21.4,2020,22.198745,113.543873
446,Macau,2021,28.0,2021,22.198745,113.543873
170,Colombia,2008,2.6,2008,4.570868,-74.297333
170,Colombia,2009,2.5,2009,4.570868,-74.297333
170,Colombia,2010,2.4,2010,4.570868,-74.297333
170,Colombia,2011,2.2,2011,4.570868,-74.297333
170,Colombia,2012,2.1,2012,4.570868,-74.297333
170,Colombia,2013,2.1,2013,4.570868,-74.297333
170,Colombia,2014,2.1,2014,4.570868,-74.297333
170,Colombia,2015,1.9,2015,4.570868,-74.297333
170,Colombia,2016,2.1,2016,4.570868,-74.297333
170,Colombia,2017,2.1,2017,4.570868,-74.297333
170,Colombia,2018,2.6,2018,4.570868,-74.297333
170,Colombia,2019,2.6,2019,4.570868,-74.297333
170,Colombia,2020,1.2,2020,4.570868,-74.297333
170,Colombia,2021,1.7,2021,4.570868,-74.297333
170,Colombia,2022,2.1,2022,4.570868,-74.297333
188,Costa Rica,2012,4.4,2012,9.748917,-83.753428
188,Costa Rica,2013,4.7,2013,9.748917,-83.753428
188,Costa Rica,2014,4.6,2014,9.748917,-83.753428
188,Costa Rica,2015,4.7,2015,9.748917,-83.753428
188,Costa Rica,2016,5.0,2016,9.748917,-83.753428
188,Costa Rica,2017,4.8,2017,9.748917,-83.753428
188,Costa Rica,2018,4.7,2018,9.748917,-83.753428
188,Costa Rica,2019,4.8,2019,9.748917,-83.753428
188,Costa Rica,2020,1.9,2020,9.748917,-83.753428
188,Costa Rica,2021,2.7,2021,9.748917,-83.753428
384,Côte d'Ivoire,2012,2.4,2012,7.539989,-5.54708
384,Côte d'Ivoire,2013,3.6,2013,7.539989,-5.54708
384,Côte d'Ivoire,2014,4.8,2014,7.539989,-5.54708
384,Côte d'Ivoire,2015,5.2,2015,7.539989,-5.54708
384,Côte d'Ivoire,2016,5.5,2016,7.539989,-5.54708
384,Côte d'Ivoire,2017,5.9,2017,7.539989,-5.54708
384,Côte d'Ivoire,2018,6.3,2018,7.539989,-5.54708
384,Côte d'Ivoire,2019,7.3,2019,7.539989,-5.54708
384,Côte d'Ivoire,2020,1.5,2020,7.539989,-5.54708
191,Croatia,2011,10.3,2011,45.1,15.2
191,Croatia,2016,11.4,2016,45.1,15.2
191,Croatia,2019,11.8,2019,45.1,15.2
203,Czech Republic,2008,2.8,2008,49.817492,15.472962
203,Czech Republic,2009,2.9,2009,49.817492,15.472962
203,Czech Republic,2010,2.7,2010,49.817492,15.472962
203,Czech Republic,2011,2.7,2011,49.817492,15.472962
203,Czech Republic,2012,2.7,2012,49.817492,15.472962
203,Czech Republic,2013,2.9,2013,49.817492,15.472962
203,Czech Republic,2014,2.8,2014,49.817492,15.472962
203,Czech Republic,2015,2.8,2015,49.817492,15.472962
203,Czech Republic,2016,2.9,2016,49.817492,15.472962
203,Czech Republic,2017,2.9,2017,49.817492,15.472962
203,Czech Republic,2018,2.9,2018,49.817492,15.472962
203,Czech Republic,2019,2.9,2019,49.817492,15.472962
203,Czech Republic,2020,1.5,2020,49.817492,15.472962
203,Czech Republic,2021,1.6,2021,49.817492,15.472962
208,Denmark,2008,1.7,2008,56.26392,9.501785
208,Denmark,2010,2.0,2010,56.26392,9.501785
208,Denmark,2011,1.5,2011,56.26392,9.501785
208,Denmark,2012,1.5,2012,56.26392,9.501785
208,Denmark,2013,1.7,2013,56.26392,9.501785
208,Denmark,2014,1.9,2014,56.26392,9.501785
208,Denmark,2015,1.9,2015,56.26392,9.501785
208,Denmark,2016,1.9,2016,56.26392,9.501785
208,Denmark,2017,2.3,2017,56.26392,9.501785
208,Denmark,2018,2.3,2018,56.26392,9.501785
208,Denmark,2019,2.5,2019,56.26392,9.501785
208,Denmark,2020,1.4,2020,56.26392,9.501785
208,Denmark,2021,1.6,2021,56.26392,9.501785
218,Ecuador,2008,1.8,2008,-1.831239,-78.183406
218,Ecuador,2009,1.7,2009,-1.831239,-78.183406
218,Ecuador,2010,1.7,2010,-1.831239,-78.183406
218,Ecuador,2011,1.9,2011,-1.831239,-78.183406
218,Ecuador,2012,1.9,2012,-1.831239,-78.183406
218,Ecuador,2013,1.9,2013,-1.831239,-78.183406
218,Ecuador,2014,2.0,2014,-1.831239,-78.183406
218,Ecuador,2015,1.9,2015,-1.831239,-78.183406
218,Ecuador,2016,1.9,2016,-1.831239,-78.183406
218,Ecuador,2017,2.1,2017,-1.831239,-78.183406
218,Ecuador,2018,2.3,2018,-1.831239,-78.183406
218,Ecuador,2019,2.3,2019,-1.831239,-78.183406
818,Egypt,2009,5.6,2009,26.820553,30.802498
818,Egypt,2010,6.3,2010,26.820553,30.802498
818,Egypt,2012,4.8,2012,26.820553,30.802498
818,Egypt,2013,3.9,2013,26.820553,30.802498
818,Egypt,2014,4.3,2014,26.820553,30.802498
818,Egypt,2015,3.3,2015,26.820553,30.802498
818,Egypt,2016,2.5,2016,26.820553,30.802498
818,Egypt,2017,1.6,2017,26.820553,30.802498
818,Egypt,2018,1.6,2018,26.820553,30.802498
818,Egypt,2019,2.3,2019,26.820553,30.802498
818,Egypt,2020,2.0,2020,26.820553,30.802498
222,El Salvador,2014,3.0,2014,13.794185,-88.89653
222,El Salvador,2015,3.0,2015,13.794185,-88.89653
222,El Salvador,2016,3.2,2016,13.794185,-88.89653
222,El Salvador,2017,3.5,2017,13.794185,-88.89653
222,El Salvador,2018,3.5,2018,13.794185,-88.89653
226,Equatorial Guinea,2008,2.1,2008,1.650801,10.267895
226,Equatorial Guinea,2009,3.3,2009,1.650801,10.267895
226,Equatorial Guinea,2010,3.0,2010,1.650801,10.267895
226,Equatorial Guinea,2011,3.4,2011,1.650801,10.267895
226,Equatorial Guinea,2012,3.3,2012,1.650801,10.267895
226,Equatorial Guinea,2013,4.0,2013,1.650801,10.267895
226,Equatorial Guinea,2014,4.2,2014,1.650801,10.267895
226,Equatorial Guinea,2015,5.6,2015,1.650801,10.267895
226,Equatorial Guinea,2016,6.6,2016,1.650801,10.267895
226,Equatorial Guinea,2017,5.9,2017,1.650801,10.267895
226,Equatorial Guinea,2018,5.8,2018,1.650801,10.267895
226,Equatorial Guinea,2019,6.6,2019,1.650801,10.267895
226,Equatorial Guinea,2020,7.3,2020,1.650801,10.267895
233,Estonia,2008,4.2,2008,58.595272,25.013607
233,Estonia,2009,4.7,2009,58.595272,25.013607
233,Estonia,2010,4.5,2010,58.595272,25.013607
233,Estonia,2011,4.4,2011,58.595272,25.013607
233,Estonia,2012,4.3,2012,58.595272,25.013607
233,Estonia,2013,4.8,2013,58.595272,25.013607
233,Estonia,2014,5.5,2014,58.595272,25.013607
233,Estonia,2015,5.5,2015,58.595272,25.013607
233,Estonia,2016,5.5,2016,58.595272,25.013607
233,Estonia,2017,5.4,2017,58.595272,25.013607
748,Eswatini,2008,1.4,2008,26.5225,31.4659
748,Eswatini,2009,1.5,2009,26.5225,31.4659
748,Eswatini,2010,1.5,2010,26.5225,31.4659
748,Eswatini,2011,1.2,2011,26.5225,31.4659
748,Eswatini,2012,1.1,2012,26.5225,31.4659
748,Eswatini,2013,1.0,2013,26.5225,31.4659
748,Eswatini,2014,0.9,2014,26.5225,31.4659
748,Eswatini,2015,1.1,2015,26.5225,31.4659
748,Eswatini,2016,0.9,2016,26.5225,31.4659
748,Eswatini,2017,1.3,2017,26.5225,31.4659
748,Eswatini,2018,1.2,2018,26.5225,31.4659
748,Eswatini,2019,1.2,2019,26.5225,31.4659
748,Eswatini,2020,0.7,2020,26.5225,31.4659
748,Eswatini,2021,0.7,2021,26.5225,31.4659
242,Fiji,2008,13.0,2008,-16.578193,179.414413
242,Fiji,2011,11.5,2011,-16.578193,179.414413
242,Fiji,2012,11.5,2012,-16.578193,179.414413
242,Fiji,2013,12.1,2013,-16.578193,179.414413
242,Fiji,2014,13.3,2014,-16.578193,179.414413
242,Fiji,2015,13.7,2015,-16.578193,179.414413
242,Fiji,2016,12.6,2016,-16.578193,179.414413
242,Fiji,2017,13.5,2017,-16.578193,179.414413
242,Fiji,2018,12.6,2018,-16.578193,179.414413
242,Fiji,2019,11.8,2019,-16.578193,179.414413
242,Fiji,2020,0.1,2020,-16.578193,179.414413
242,Fiji,2021,-0.1,2021,-16.578193,179.414413
242,Fiji,2022,9.9,2022,-16.578193,179.414413
246,Finland,2011,2.4,2011,61.92411,25.748151
246,Finland,2012,2.5,2012,61.92411,25.748151
246,Finland,2013,2.5,2013,61.92411,25.748151
246,Finland,2014,2.4,2014,61.92411,25.748151
246,Finland,2015,2.5,2015,61.92411,25.748151
246,Finland,2016,2.5,2016,61.92411,25.748151
246,Finland,2017,2.7,2017,61.92411,25.748151
246,Finland,2018,2.7,2018,61.92411,25.748151
246,Finland,2019,2.7,2019,61.92411,25.748151
246,Finland,2020,1.4,2020,61.92411,25.748151
246,Finland,2021,1.6,2021,61.92411,25.748151
250,France,2019,4.0,2019,46.227638,2.213749
250,France,2020,3.2,2020,46.227638,2.213749
250,France,2021,3.0,2021,46.227638,2.213749
258,French Polynesia,2018,7.3,2018,-17.679742,-149.406843
258,French Polynesia,2019,7.3,2019,-17.679742,-149.406843
258,French Polynesia,2022,8.0,2022,-17.679742,-149.406843
276,Germany,2010,4.2,2010,51.165691,10.451526
276,Germany,2015,4.1,2015,51.165691,10.451526
276,Germany,2016,4.0,2016,51.165691,10.451526
276,Germany,2017,4.0,2017,51.165691,10.451526
276,Germany,2018,4.0,2018,51.165691,10.451526
276,Germany,2019,4.0,2019,51.165691,10.451526
276,Germany,2020,2.4,2020,51.165691,10.451526
300,Greece,2008,5.5,2008,39.074208,21.824312
300,Greece,2009,4.7,2009,39.074208,21.824312
300,Greece,2010,5.1,2010,39.074208,21.824312
300,Greece,2011,4.9,2011,39.074208,21.824312
300,Greece,2012,5.1,2012,39.074208,21.824312
300,Greece,2013,6.0,2013,39.074208,21.824312
300,Greece,2014,6.4,2014,39.074208,21.824312
300,Greece,2015,6.5,2015,39.074208,21.824312
300,Greece,2016,6.1,2016,39.074208,21.824312
300,Greece,2017,6.5,2017,39.074208,21.824312
300,Greece,2018,6.9,2018,39.074208,21.824312
300,Greece,2019,7.3,2019,39.074208,21.824312
300,Greece,2020,4.4,2020,39.074208,21.824312
300,Greece,2021,5.6,2021,39.074208,21.824312
300,Greece,2022,7.1,2022,39.074208,21.824312
316,Guam,2010,12.0,2010,13.444304,144.793731
316,Guam,2015,11.2,2015,13.444304,144.793731
316,Guam,2016,12.1,2016,13.444304,144.793731
316,Guam,2019,22.0,2019,13.444304,144.793731
316,Guam,2020,10.7,2020,13.444304,144.793731
316,Guam,2021,6.3,2021,13.444304,144.793731
324,Guinea,2011,1.7,2011,9.945587,-9.696645
324,Guinea,2012,1.6,2012,9.945587,-9.696645
324,Guinea,2013,1.4,2013,9.945587,-9.696645
324,Guinea,2014,1.2,2014,9.945587,-9.696645
324,Guinea,2015,1.1,2015,9.945587,-9.696645
324,Guinea,2016,1,2016,9.945587,-9.696645
324,Guinea,2017,0.9,2017,9.945587,-9.696645
328,Guyana,2013,3,2013,4.860416,-58.93018
328,Guyana,2014,3.2,2014,4.860416,-58.93018
328,Guyana,2015,1.9,2015,4.860416,-58.93018
328,Guyana,2016,2,2016,4.860416,-58.93018
328,Guyana,2017,2,2017,4.860416,-58.93018
328,Guyana,2018,1.4,2018,4.860416,-58.93018
328,Guyana,2019,1.4,2019,4.860416,-58.93018
328,Guyana,2020,0.8,2020,4.860416,-58.93018
328,Guyana,2021,0.8,2021,4.860416,-58.93018
340,Honduras,2008,6.0,2008,15.199999,-86.241905
340,Honduras,2009,6.2,2009,15.199999,-86.241905
340,Honduras,2010,6.1,2010,15.199999,-86.241905
340,Honduras,2011,6.1,2011,15.199999,-86.241905
340,Honduras,2012,6.4,2012,15.199999,-86.241905
340,Honduras,2013,6.5,2013,15.199999,-86.241905
340,Honduras,2014,6.4,2014,15.199999,-86.241905
340,Honduras,2015,6.4,2015,15.199999,-86.241905
340,Honduras,2016,6.4,2016,15.199999,-86.241905
340,Honduras,2017,6.0,2017,15.199999,-86.241905
348,Hungary,2008,2.4,2008,47.162494,19.503304
348,Hungary,2009,2.4,2009,47.162494,19.503304
348,Hungary,2010,2.4,2010,47.162494,19.503304
348,Hungary,2011,2.5,2011,47.162494,19.503304
348,Hungary,2012,2.6,2012,47.162494,19.503304
348,Hungary,2013,2.6,2013,47.162494,19.503304
348,Hungary,2014,2.8,2014,47.162494,19.503304
348,Hungary,2015,2.7,2015,47.162494,19.503304
348,Hungary,2016,2.8,2016,47.162494,19.503304
348,Hungary,2017,2.7,2017,47.162494,19.503304
348,Hungary,2018,3.0,2018,47.162494,19.503304
348,Hungary,2019,3.4,2019,47.162494,19.503304
348,Hungary,2020,1.5,2020,47.162494,19.503304
348,Hungary,2021,1.6,2021,47.162494,19.503304
352,Iceland,2009,3.5,2009,64.963051,-19.020835
352,Iceland,2010,3.4,2010,64.963051,-19.020835
352,Iceland,2011,3.7,2011,64.963051,-19.020835
352,Iceland,2012,4.2,2012,64.963051,-19.020835
352,Iceland,2013,4.7,2013,64.963051,-19.020835
352,Iceland,2014,5.5,2014,64.963051,-19.020835
352,Iceland,2015,6.5,2015,64.963051,-19.020835
352,Iceland,2016,8.2,2016,64.963051,-19.020835
352,Iceland,2017,8.0,2017,64.963051,-19.020835
352,Iceland,2018,8.1,2018,64.963051,-19.020835
352,Iceland,2019,8.1,2019,64.963051,-19.020835
352,Iceland,2020,2.8,2020,64.963051,-19.020835
352,Iceland,2021,3.9,2021,64.963051,-19.020835
352,Iceland,2022,6.1,2022,64.963051,-19.020835
356,India,2009,3.7,2009,20.593684,78.96288
356,India,2010,3.7,2010,20.593684,78.96288
356,India,2011,3.0,2011,20.593684,78.96288
356,India,2012,3.1,2012,20.593684,78.96288
356,India,2013,3.1,2013,20.593684,78.96288
356,India,2014,3.1,2014,20.593684,78.96288
356,India,2015,2.6,2015,20.593684,78.96288
356,India,2016,2.6,2016,20.593684,78.96288
356,India,2017,2.6,2017,20.593684,78.96288
356,India,2018,2.6,2018,20.593684,78.96288
356,India,2019,2.7,2019,20.593684,78.96288
356,India,2020,0.8,2020,20.593684,78.96288
356,India,2021,0.9,2021,20.593684,78.96288
360,Indonesia,2008,4.7,2008,-0.789275,113.921327
360,Indonesia,2009,4.2,2009,-0.789275,113.921327
360,Indonesia,2010,4.1,2010,-0.789275,113.921327
360,Indonesia,2011,4.0,2011,-0.789275,113.921327
360,Indonesia,2012,4.0,2012,-0.789275,113.921327
360,Indonesia,2013,4.0,2013,-0.789275,113.921327
360,Indonesia,2014,4.1,2014,-0.789275,113.921327
360,Indonesia,2015,4.3,2015,-0.789275,113.921327
360,Indonesia,2016,4.7,2016,-0.789275,113.921327
360,Indonesia,2017,4.7,2017,-0.789275,113.921327
360,Indonesia,2018,4.9,2018,-0.789275,113.921327
360,Indonesia,2019,5.0,2019,-0.789275,113.921327
360,Indonesia,2020,2.2,2020,-0.789275,113.921327
372,Ireland,2019,4.8,2019,53.41291,-8.24389
376,Israel,2008,2.7,2008,31.046051,34.851612
376,Israel,2009,2.5,2009,31.046051,34.851612
376,Israel,2010,2.8,2010,31.046051,34.851612
376,Israel,2011,2.7,2011,31.046051,34.851612
376,Israel,2012,2.7,2012,31.046051,34.851612
376,Israel,2013,2.6,2013,31.046051,34.851612
376,Israel,2014,2.5,2014,31.046051,34.851612
376,Israel,2015,2.6,2015,31.046051,34.851612
376,Israel,2016,2.5,2016,31.046051,34.851612
376,Israel,2017,2.6,2017,31.046051,34.851612
376,Israel,2018,2.6,2018,31.046051,34.851612
376,Israel,2019,2.6,2019,31.046051,34.851612
376,Israel,2020,0.7,2020,31.046051,34.851612
376,Israel,2021,1.1,2021,31.046051,34.851612
376,Israel,2022,1.9,2022,31.046051,34.851612
380,Italy,2010,5.1,2010,41.87194,12.56738
380,Italy,2015,5.4,2015,41.87194,12.56738
380,Italy,2017,5.5,2017,41.87194,12.56738
380,Italy,2019,5.7,2019,41.87194,12.56738
388,Jamaica,2008,7.1,2008,18.109581,-77.297508
388,Jamaica,2009,7.2,2009,18.109581,-77.297508
388,Jamaica,2010,6.9,2010,18.109581,-77.297508
388,Jamaica,2011,6.5,2011,18.109581,-77.297508
388,Jamaica,2012,6.4,2012,18.109581,-77.297508
388,Jamaica,2013,6.9,2013,18.109581,-77.297508
388,Jamaica,2014,7.5,2014,18.109581,-77.297508
388,Jamaica,2015,7.8,2015,18.109581,-77.297508
388,Jamaica,2016,8.4,2016,18.109581,-77.297508
388,Jamaica,2017,9.0,2017,18.109581,-77.297508
388,Jamaica,2018,9.2,2018,18.109581,-77.297508
388,Jamaica,2019,9.8,2019,18.109581,-77.297508
392,Japan,2008,1.9,2008,36.204824,138.252924
392,Japan,2009,1.8,2009,36.204824,138.252924
392,Japan,2010,1.7,2010,36.204824,138.252924
392,Japan,2011,1.7,2011,36.204824,138.252924
392,Japan,2012,1.7,2012,36.204824,138.252924
392,Japan,2013,1.8,2013,36.204824,138.252924
392,Japan,2014,1.7,2014,36.204824,138.252924
392,Japan,2015,1.8,2015,36.204824,138.252924
392,Japan,2016,2.0,2016,36.204824,138.252924
392,Japan,2017,2.0,2017,36.204824,138.252924
392,Japan,2018,1.9,2018,36.204824,138.252924
392,Japan,2019,2.0,2019,36.204824,138.252924
392,Japan,2020,0.8,2020,36.204824,138.252924
392,Japan,2021,0.6,2021,36.204824,138.252924
400,Jordan,2008,6.7,2008,30.585164,36.238414
400,Jordan,2010,7.0,2010,30.585164,36.238414
400,Jordan,2012,6.5,2012,30.585164,36.238414
400,Jordan,2016,6.0,2016,30.585164,36.238414
398,Kazakhstan,2008,1.5,2008,48.019573,66.923684
398,Kazakhstan,2009,1.4,2009,48.019573,66.923684
398,Kazakhstan,2010,1.3,2010,48.019573,66.923684
398,Kazakhstan,2011,1.4,2011,48.019573,66.923684
398,Kazakhstan,2012,1.5,2012,48.019573,66.923684
398,Kazakhstan,2013,1.0,2013,48.019573,66.923684
398,Kazakhstan,2014,0.9,2014,48.019573,66.923684
398,Kazakhstan,2015,1.0,2015,48.019573,66.923684
398,Kazakhstan,2016,1.3,2016,48.019573,66.923684
398,Kazakhstan,2017,1.3,2017,48.019573,66.923684
398,Kazakhstan,2018,1.4,2018,48.019573,66.923684
398,Kazakhstan,2019,1.3,2019,48.019573,66.923684
398,Kazakhstan,2020,0.6,2020,48.019573,66.923684
398,Kazakhstan,2021,0.7,2021,48.019573,66.923684
296,Kiribati,2008,0.6,2008,-3.370417,-168.734039
296,Kiribati,2009,0.6,2009,-3.370417,-168.734039
296,Kiribati,2010,0.5,2010,-3.370417,-168.734039
296,Kiribati,2011,0.6,2011,-3.370417,-168.734039
296,Kiribati,2012,0.5,2012,-3.370417,-168.734039
296,Kiribati,2013,0.5,2013,-3.370417,-168.734039
296,Kiribati,2014,0.5,2014,-3.370417,-168.734039
296,Kiribati,2015,0.5,2015,-3.370417,-168.734039
296,Kiribati,2016,0.6,2016,-3.370417,-168.734039
296,Kiribati,2017,0.8,2017,-3.370417,-168.734039
296,Kiribati,2018,0.7,2018,-3.370417,-168.734039
296,Kiribati,2019,0.7,2019,-3.370417,-168.734039
410,Republic of Korea,2019,2.5,2019,35.9078,127.7669
428,Latvia,2008,4.2,2008,56.879635,24.603189
428,Latvia,2009,3.1,2009,56.879635,24.603189
428,Latvia,2010,3.1,2010,56.879635,24.603189
428,Latvia,2011,3.4,2011,56.879635,24.603189
428,Latvia,2012,4.4,2012,56.879635,24.603189
428,Latvia,2013,4.2,2013,56.879635,24.603189
428,Latvia,2014,4.3,2014,56.879635,24.603189
428,Latvia,2015,4.2,2015,56.879635,24.603189
428,Latvia,2016,4.5,2016,56.879635,24.603189
428,Latvia,2017,4.6,2017,56.879635,24.603189
428,Latvia,2018,4.9,2018,56.879635,24.603189
428,Latvia,2019,4.8,2019,56.879635,24.603189
422,Lebanon,2008,2.2,2008,33.854721,35.862285
422,Lebanon,2009,2.9,2009,33.854721,35.862285
422,Lebanon,2010,2.9,2010,33.854721,35.862285
422,Lebanon,2011,2.8,2011,33.854721,35.862285
422,Lebanon,2012,2.6,2012,33.854721,35.862285
422,Lebanon,2013,2.6,2013,33.854721,35.862285
422,Lebanon,2014,2.8,2014,33.854721,35.862285
422,Lebanon,2015,3.0,2015,33.854721,35.862285
422,Lebanon,2016,3.0,2016,33.854721,35.862285
422,Lebanon,2017,3.1,2017,33.854721,35.862285
422,Lebanon,2018,3.0,2018,33.854721,35.862285
422,Lebanon,2019,3.0,2019,33.854721,35.862285
422,Lebanon,2020,2.0,2020,33.854721,35.862285
440,Lithuania,2009,2.8,2009,55.169438,23.881275
440,Lithuania,2010,2.7,2010,55.169438,23.881275
440,Lithuania,2011,2.8,2011,55.169438,23.881275
440,Lithuania,2012,2.9,2012,55.169438,23.881275
440,Lithuania,2013,3.0,2013,55.169438,23.881275
440,Lithuania,2014,3.1,2014,55.169438,23.881275
440,Lithuania,2015,3.0,2015,55.169438,23.881275
440,Lithuania,2016,3.0,2016,55.169438,23.881275
440,Lithuania,2017,3.0,2017,55.169438,23.881275
440,Lithuania,2018,2.9,2018,55.169438,23.881275
440,Lithuania,2019,2.9,2019,55.169438,23.881275
440,Lithuania,2020,1.7,2020,55.169438,23.881275
440,Lithuania,2021,1.7,2021,55.169438,23.881275
442,Luxembourg,2014,1.2,2014,49.815273,6.129583
442,Luxembourg,2015,1.2,2015,49.815273,6.129583
442,Luxembourg,2016,1.2,2016,49.815273,6.129583
442,Luxembourg,2017,1.2,2017,49.815273,6.129583
442,Luxembourg,2018,1.3,2018,49.815273,6.129583
442,Luxembourg,2019,1.2,2019,49.815273,6.129583
442,Luxembourg,2020,0.8,2020,49.815273,6.129583
442,Luxembourg,2021,0.7,2021,49.815273,6.129583
454,Malawi,2013,4.5,2013,-13.254308,34.301525
454,Malawi,2014,3.5,2014,-13.254308,34.301525
454,Malawi,2015,3.4,2015,-13.254308,34.301525
454,Malawi,2016,3.4,2016,-13.254308,34.301525
454,Malawi,2017,3.5,2017,-13.254308,34.301525
454,Malawi,2018,3.4,2018,-13.254308,34.301525
454,Malawi,2019,2.7,2019,-13.254308,34.301525
454,Malawi,2020,1.6,2020,-13.254308,34.301525
458,Malaysia,2008,4.9,2008,4.210484,101.975766
458,Malaysia,2009,5.4,2009,4.210484,101.975766
458,Malaysia,2010,5.6,2010,4.210484,101.975766
458,Malaysia,2011,5.6,2011,4.210484,101.975766
458,Malaysia,2012,5.6,2012,4.210484,101.975766
458,Malaysia,2013,6.0,2013,4.210484,101.975766
458,Malaysia,2014,6.3,2014,4.210484,101.975766
458,Malaysia,2015,6.4,2015,4.210484,101.975766
458,Malaysia,2016,6.6,2016,4.210484,101.975766
458,Malaysia,2017,6.4,2017,4.210484,101.975766
458,Malaysia,2018,6.5,2018,4.210484,101.975766
458,Malaysia,2019,6.8,2019,4.210484,101.975766
458,Malaysia,2020,2.0,2020,4.210484,101.975766
458,Malaysia,2021,0.7,2021,4.210484,101.975766
458,Malaysia,2022,2.7,2022,4.210484,101.975766
470,Malta,2010,5.9,2010,35.937496,14.375416
584,Marshall Islands,2008,2.6,2008,7.131474,171.184478
584,Marshall Islands,2009,2.5,2009,7.131474,171.184478
584,Marshall Islands,2010,2.3,2010,7.131474,171.184478
584,Marshall Islands,2011,2.2,2011,7.131474,171.184478
584,Marshall Islands,2012,2.1,2012,7.131474,171.184478
584,Marshall Islands,2013,1.9,2013,7.131474,171.184478
584,Marshall Islands,2014,2.1,2014,7.131474,171.184478
584,Marshall Islands,2015,2.2,2015,7.131474,171.184478
584,Marshall Islands,2016,2.3,2016,7.131474,171.184478
584,Marshall Islands,2017,2.3,2017,7.131474,171.184478
584,Marshall Islands,2018,2.3,2018,7.131474,171.184478
584,Marshall Islands,2019,2.5,2019,7.131474,171.184478
584,Marshall Islands,2020,2.0,2020,7.131474,171.184478
584,Marshall Islands,2021,1.8,2021,7.131474,171.184478
474,Martinique,2008,4.7,2008,14.641528,-61.024174
474,Martinique,2009,4.9,2009,14.641528,-61.024174
474,Martinique,2010,5.2,2010,14.641528,-61.024174
474,Martinique,2011,5.2,2011,14.641528,-61.024174
474,Martinique,2012,5.1,2012,14.641528,-61.024174
474,Martinique,2013,5.2,2013,14.641528,-61.024174
474,Martinique,2014,4.7,2014,14.641528,-61.024174
474,Martinique,2015,5.0,2015,14.641528,-61.024174
474,Martinique,2016,5.2,2016,14.641528,-61.024174
474,Martinique,2017,5.6,2017,14.641528,-61.024174
474,Martinique,2018,5.3,2018,14.641528,-61.024174
474,Martinique,2019,5.4,2019,14.641528,-61.024174
480,Mauritius,2010,9.6,2010,-20.348404,57.552152
480,Mauritius,2011,10.0,2011,-20.348404,57.552152
480,Mauritius,2012,9.9,2012,-20.348404,57.552152
480,Mauritius,2013,9.0,2013,-20.348404,57.552152
480,Mauritius,2014,9.1,2014,-20.348404,57.552152
480,Mauritius,2015,9.2,2015,-20.348404,57.552152
480,Mauritius,2016,9.2,2016,-20.348404,57.552152
480,Mauritius,2017,9.1,2017,-20.348404,57.552152
480,Mauritius,2018,9.3,2018,-20.348404,57.552152
480,Mauritius,2019,9.2,2019,-20.348404,57.552152
480,Mauritius,2020,2.7,2020,-20.348404,57.552152
480,Mauritius,2021,2.3,2021,-20.348404,57.552152
480,Mauritius,2022,8.6,2022,-20.348404,57.552152
484,Mexico,2008,8.9,2008,23.634501,-102.552784
484,Mexico,2009,9.2,2009,23.634501,-102.552784
484,Mexico,2010,8.9,2010,23.634501,-102.552784
484,Mexico,2011,8.6,2011,23.634501,-102.552784
484,Mexico,2012,8.6,2012,23.634501,-102.552784
484,Mexico,2013,9.0,2013,23.634501,-102.552784
484,Mexico,2014,8.9,2014,23.634501,-102.552784
484,Mexico,2015,8.8,2015,23.634501,-102.552784
484,Mexico,2016,8.5,2016,23.634501,-102.552784
484,Mexico,2017,8.5,2017,23.634501,-102.552784
484,Mexico,2018,8.5,2018,23.634501,-102.552784
484,Mexico,2019,8.6,2019,23.634501,-102.552784
484,Mexico,2020,6.8,2020,23.634501,-102.552784
484,Mexico,2021,7.6,2021,23.634501,-102.552784
484,Mexico,2022,8.5,2022,23.634501,-102.552784
583,Micronesia,2008,1.9,2008,7.425554,150.550812
583,Micronesia,2009,1.7,2009,7.425554,150.550812
583,Micronesia,2010,1.7,2010,7.425554,150.550812
583,Micronesia,2011,1.6,2011,7.425554,150.550812
583,Micronesia,2012,1.7,2012,7.425554,150.550812
583,Micronesia,2013,1.7,2013,7.425554,150.550812
583,Micronesia,2014,1.6,2014,7.425554,150.550812
583,Micronesia,2015,1.7,2015,7.425554,150.550812
583,Micronesia,2016,1.7,2016,7.425554,150.550812
583,Micronesia,2017,1.8,2017,7.425554,150.550812
583,Micronesia,2018,1.8,2018,7.425554,150.550812
498,Moldova,2014,0.5,2014,47.411631,28.369885
498,Moldova,2015,0.5,2015,47.411631,28.369885
498,Moldova,2016,0.4,2016,47.411631,28.369885
498,Moldova,2017,0.5,2017,47.411631,28.369885
498,Moldova,2018,0.6,2018,47.411631,28.369885
498,Moldova,2019,0.7,2019,47.411631,28.369885
498,Moldova,2020,0.2,2020,47.411631,28.369885
498,Moldova,2021,0.6,2021,47.411631,28.369885
498,Moldova,2022,0.7,2022,47.411631,28.369885
496,Mongolia,2015,0.2,2015,46.862496,103.846656
496,Mongolia,2016,0.2,2016,46.862496,103.846656
496,Mongolia,2017,0.2,2017,46.862496,103.846656
496,Mongolia,2018,0.2,2018,46.862496,103.846656
496,Mongolia,2019,0.2,2019,46.862496,103.846656
496,Mongolia,2020,0,2020,46.862496,103.846656
499,Montenegro,2009,10,2009,42.708678,19.37439
500,Montserrat,2008,2.3,2008,16.742498,-62.187366
500,Montserrat,2009,2,2009,16.742498,-62.187366
500,Montserrat,2010,2.1,2010,16.742498,-62.187366
500,Montserrat,2011,1.8,2011,16.742498,-62.187366
500,Montserrat,2012,2,2012,16.742498,-62.187366
500,Montserrat,2013,2,2013,16.742498,-62.187366
500,Montserrat,2014,2.2,2014,16.742498,-62.187366
500,Montserrat,2015,2.3,2015,16.742498,-62.187366
500,Montserrat,2016,1.8,2016,16.742498,-62.187366
500,Montserrat,2017,2.3,2017,16.742498,-62.187366
500,Montserrat,2018,2.2,2018,16.742498,-62.187366
500,Montserrat,2019,1.8,2019,16.742498,-62.187366
500,Montserrat,2020,0.9,2020,16.742498,-62.187366
500,Montserrat,2021,0.5,2021,16.742498,-62.187366
504,Morocco,2009,7.1,2009,31.791702,-7.09262
504,Morocco,2010,7.3,2010,31.791702,-7.09262
504,Morocco,2011,7.1,2011,31.791702,-7.09262
504,Morocco,2012,6.9,2012,31.791702,-7.09262
504,Morocco,2013,6.8,2013,31.791702,-7.09262
504,Morocco,2014,6.7,2014,31.791702,-7.09262
504,Morocco,2015,6.4,2015,31.791702,-7.09262
504,Morocco,2016,6.6,2016,31.791702,-7.09262
504,Morocco,2017,6.8,2017,31.791702,-7.09262
504,Morocco,2018,6.9,2018,31.791702,-7.09262
504,Morocco,2019,7.1,2019,31.791702,-7.09262
508,Mozambique,2015,5.2,2015,-18.665695,35.529562
508,Mozambique,2017,4.3,2017,-18.665695,35.529562
508,Mozambique,2018,4.7,2018,-18.665695,35.529562
508,Mozambique,2019,4.7,2019,-18.665695,35.529562
508,Mozambique,2020,2.7,2020,-18.665695,35.529562
508,Mozambique,2021,2.8,2021,-18.665695,35.529562
508,Mozambique,2022,4.5,2022,-18.665695,35.529562
516,Namibia,2009,2.7,2009,-22.95764,18.49041
516,Namibia,2010,2.6,2010,-22.95764,18.49041
516,Namibia,2011,2.9,2011,-22.95764,18.49041
516,Namibia,2012,2.9,2012,-22.95764,18.49041
516,Namibia,2013,3,2013,-22.95764,18.49041
516,Namibia,2014,3,2014,-22.95764,18.49041
516,Namibia,2015,3.3,2015,-22.95764,18.49041
516,Namibia,2016,3,2016,-22.95764,18.49041
516,Namibia,2017,2.9,2017,-22.95764,18.49041
516,Namibia,2020,5.6,2020,-22.95764,18.49041
524,Nepal,2010,1.6,2010,28.394857,84.124008
524,Nepal,2011,1.6,2011,28.394857,84.124008
524,Nepal,2012,1.8,2012,28.394857,84.124008
524,Nepal,2013,1.8,2013,28.394857,84.124008
524,Nepal,2014,1.9,2014,28.394857,84.124008
524,Nepal,2015,1.8,2015,28.394857,84.124008
524,Nepal,2016,1.8,2016,28.394857,84.124008
524,Nepal,2017,1.9,2017,28.394857,84.124008
524,Nepal,2018,2,2018,28.394857,84.124008
524,Nepal,2019,1.3,2019,28.394857,84.124008
524,Nepal,2020,1.4,2020,28.394857,84.124008
524,Nepal,2021,1.6,2021,28.394857,84.124008
528,Netherlands Antilles,2010,3.2,2010,12.226079,-69.060087
528,Netherlands Antilles,2011,3.2,2011,12.226079,-69.060087
528,Netherlands Antilles,2012,3.3,2012,12.226079,-69.060087
528,Netherlands Antilles,2013,3.4,2013,12.226079,-69.060087
528,Netherlands Antilles,2014,3.7,2014,12.226079,-69.060087
528,Netherlands Antilles,2015,4,2015,12.226079,-69.060087
528,Netherlands Antilles,2016,4.2,2016,12.226079,-69.060087
528,Netherlands Antilles,2017,4.3,2017,12.226079,-69.060087
528,Netherlands Antilles,2018,4.4,2018,12.226079,-69.060087
528,Netherlands Antilles,2019,4.4,2019,12.226079,-69.060087
528,Netherlands Antilles,2020,2.3,2020,12.226079,-69.060087
528,Netherlands Antilles,2021,2.5,2021,12.226079,-69.060087
528,Netherlands Antilles,2022,3.7,2022,12.226079,-69.060087
554,New Zealand,2008,5.7,2008,-40.900557,174.885971
554,New Zealand,2009,5.2,2009,-40.900557,174.885971
554,New Zealand,2010,5.2,2010,-40.900557,174.885971
554,New Zealand,2011,5.1,2011,-40.900557,174.885971
554,New Zealand,2012,5.1,2012,-40.900557,174.885971
554,New Zealand,2013,5.1,2013,-40.900557,174.885971
554,New Zealand,2014,5,2014,-40.900557,174.885971
554,New Zealand,2015,5.6,2015,-40.900557,174.885971
554,New Zealand,2016,6.2,2016,-40.900557,174.885971
554,New Zealand,2017,5.8,2017,-40.900557,174.885971
554,New Zealand,2018,5.8,2018,-40.900557,174.885971
554,New Zealand,2019,5.6,2019,-40.900557,174.885971
554,New Zealand,2020,5.4,2020,-40.900557,174.885971
554,New Zealand,2021,3.3,2021,-40.900557,174.885971
554,New Zealand,2022,3,2022,-40.900557,174.885971
566,Nigeria,2010,4.4,2010,9.081999,8.675277
566,Nigeria,2011,4.4,2011,9.081999,8.675277
566,Nigeria,2012,4.5,2012,9.081999,8.675277
566,Nigeria,2013,5,2013,9.081999,8.675277
566,Nigeria,2014,5.2,2014,9.081999,8.675277
566,Nigeria,2015,5.6,2015,9.081999,8.675277
566,Nigeria,2016,5.7,2016,9.081999,8.675277
566,Nigeria,2017,5.5,2017,9.081999,8.675277
566,Nigeria,2018,5.4,2018,9.081999,8.675277
566,Nigeria,2019,5.6,2019,9.081999,8.675277
566,Nigeria,2020,4.3,2020,9.081999,8.675277
807,North Macedonia,2019,2.4,2019,#N/A,#N/A
578,Norway,2008,3.3,2008,60.472024,8.468946
578,Norway,2009,3.7,2009,60.472024,8.468946
578,Norway,2010,3.6,2010,60.472024,8.468946
578,Norway,2011,3.7,2011,60.472024,8.468946
578,Norway,2012,3.7,2012,60.472024,8.468946
578,Norway,2013,3.7,2013,60.472024,8.468946
578,Norway,2014,3.7,2014,60.472024,8.468946
578,Norway,2015,4,2015,60.472024,8.468946
578,Norway,2016,4.3,2016,60.472024,8.468946
578,Norway,2017,4.1,2017,60.472024,8.468946
578,Norway,2018,3.8,2018,60.472024,8.468946
578,Norway,2019,4,2019,60.472024,8.468946
578,Norway,2020,3,2020,60.472024,8.468946
512,Oman,2008,2.3,2008,21.512583,55.923255
512,Oman,2009,2.6,2009,21.512583,55.923255
512,Oman,2010,2.4,2010,21.512583,55.923255
512,Oman,2011,2.1,2011,21.512583,55.923255
512,Oman,2012,2.2,2012,21.512583,55.923255
512,Oman,2013,2.3,2013,21.512583,55.923255
512,Oman,2014,2.3,2014,21.512583,55.923255
512,Oman,2015,2.7,2015,21.512583,55.923255
512,Oman,2016,2.7,2016,21.512583,55.923255
512,Oman,2017,2.7,2017,21.512583,55.923255
512,Oman,2018,2.7,2018,21.512583,55.923255
512,Oman,2019,2.9,2019,21.512583,55.923255
512,Oman,2020,2.5,2020,21.512583,55.923255
512,Oman,2021,2.4,2021,21.512583,55.923255
512,Oman,2022,2.4,2022,21.512583,55.923255
585,Palau,2008,17.5,2008,7.51498,134.58252
585,Palau,2009,17.9,2009,7.51498,134.58252
585,Palau,2010,18.7,2010,7.51498,134.58252
585,Palau,2011,21.5,2011,7.51498,134.58252
585,Palau,2012,23.5,2012,7.51498,134.58252
585,Palau,2013,24.8,2013,7.51498,134.58252
585,Palau,2014,25.7,2014,7.51498,134.58252
585,Palau,2015,26.4,2015,7.51498,134.58252
585,Palau,2016,24.7,2016,7.51498,134.58252
585,Palau,2017,21.9,2017,7.51498,134.58252
585,Palau,2018,20,2018,7.51498,134.58252
585,Palau,2019,18.1,2019,7.51498,134.58252
585,Palau,2020,9.8,2020,7.51498,134.58252
591,Panama,2008,8.3,2008,8.537981,-80.782127
591,Panama,2009,9.1,2009,8.537981,-80.782127
591,Panama,2010,8.9,2010,8.537981,-80.782127
591,Panama,2011,9.2,2011,8.537981,-80.782127
591,Panama,2012,9.3,2012,8.537981,-80.782127
591,Panama,2013,9.1,2013,8.537981,-80.782127
600,Paraguay,2008,0.4,2008,-23.442503,-58.443832
600,Paraguay,2009,0.9,2009,-23.442503,-58.443832
600,Paraguay,2010,0.8,2010,-23.442503,-58.443832
600,Paraguay,2011,0.7,2011,-23.442503,-58.443832
600,Paraguay,2012,0.7,2012,-23.442503,-58.443832
600,Paraguay,2013,0.7,2013,-23.442503,-58.443832
600,Paraguay,2014,0.7,2014,-23.442503,-58.443832
600,Paraguay,2015,1.3,2015,-23.442503,-58.443832
600,Paraguay,2016,1.3,2016,-23.442503,-58.443832
600,Paraguay,2017,1.5,2017,-23.442503,-58.443832
600,Paraguay,2018,2.3,2018,-23.442503,-58.443832
600,Paraguay,2019,2.5,2019,-23.442503,-58.443832
600,Paraguay,2020,0.6,2020,-23.442503,-58.443832
600,Paraguay,2021,0.2,2021,-23.442503,-58.443832
600,Paraguay,2022,1.1,2022,-23.442503,-58.443832
604,Peru,2011,3.6,2011,-9.189967,-75.015152
604,Peru,2012,3.6,2012,-9.189967,-75.015152
604,Peru,2013,3.7,2013,-9.189967,-75.015152
604,Peru,2014,3.8,2014,-9.189967,-75.015152
604,Peru,2015,3.9,2015,-9.189967,-75.015152
604,Peru,2016,3.9,2016,-9.189967,-75.015152
604,Peru,2017,3.9,2017,-9.189967,-75.015152
604,Peru,2018,3.9,2018,-9.189967,-75.015152
604,Peru,2019,3.9,2019,-9.189967,-75.015152
604,Peru,2020,1.5,2020,-9.189967,-75.015152
604,Peru,2021,1.7,2021,-9.189967,-75.015152
604,Peru,2022,2.3,2022,-9.189967,-75.015152
608,Philippines,2008,5.7,2008,12.879721,121.774017
608,Philippines,2009,5.9,2009,12.879721,121.774017
608,Philippines,2010,6.2,2010,12.879721,121.774017
608,Philippines,2011,6.8,2011,12.879721,121.774017
608,Philippines,2012,7.7,2012,12.879721,121.774017
608,Philippines,2013,8.1,2013,12.879721,121.774017
608,Philippines,2014,8.9,2014,12.879721,121.774017
608,Philippines,2015,9.9,2015,12.879721,121.774017
608,Philippines,2016,10.4,2016,12.879721,121.774017
608,Philippines,2017,11.7,2017,12.879721,121.774017
608,Philippines,2018,12.3,2018,12.879721,121.774017
608,Philippines,2019,12.9,2019,12.879721,121.774017
608,Philippines,2020,5.1,2020,12.879721,121.774017
608,Philippines,2021,5.2,2021,12.879721,121.774017
608,Philippines,2022,6.2,2022,12.879721,121.774017
616,Poland,2008,2.2,2008,51.919438,19.145136
616,Poland,2009,1.6,2009,51.919438,19.145136
616,Poland,2010,1.6,2010,51.919438,19.145136
616,Poland,2011,1.8,2011,51.919438,19.145136
616,Poland,2012,2.1,2012,51.919438,19.145136
616,Poland,2013,1.3,2013,51.919438,19.145136
616,Poland,2015,1.2,2015,51.919438,19.145136
616,Poland,2018,2.1,2018,51.919438,19.145136
616,Poland,2019,2.2,2019,51.919438,19.145136
620,Portugal,2008,4.1,2008,39.399872,-8.224454
620,Portugal,2009,4,2009,39.399872,-8.224454
620,Portugal,2010,4.2,2010,39.399872,-8.224454
620,Portugal,2014,6.5,2014,39.399872,-8.224454
620,Portugal,2015,6.7,2015,39.399872,-8.224454
620,Portugal,2016,6.9,2016,39.399872,-8.224454
620,Portugal,2017,7.7,2017,39.399872,-8.224454
620,Portugal,2018,8,2018,39.399872,-8.224454
620,Portugal,2019,8.1,2019,39.399872,-8.224454
620,Portugal,2020,4.4,2020,39.399872,-8.224454
620,Portugal,2021,5.7,2021,39.399872,-8.224454
620,Portugal,2022,8.9,2022,39.399872,-8.224454
630,Puerto Rico,2016,3.4,2016,18.220833,-66.590149
630,Puerto Rico,2017,3.4,2017,18.220833,-66.590149
630,Puerto Rico,2018,2.9,2018,18.220833,-66.590149
630,Puerto Rico,2019,3.4,2019,18.220833,-66.590149
630,Puerto Rico,2020,2.7,2020,18.220833,-66.590149
634,Qatar,2013,1.8,2013,25.354826,51.183884
634,Qatar,2014,2.1,2014,25.354826,51.183884
634,Qatar,2015,3.1,2015,25.354826,51.183884
634,Qatar,2016,3.8,2016,25.354826,51.183884
634,Qatar,2017,3.5,2017,25.354826,51.183884
634,Qatar,2018,3.2,2018,25.354826,51.183884
634,Qatar,2019,3.3,2019,25.354826,51.183884
634,Qatar,2020,2,2020,25.354826,51.183884
634,Qatar,2021,2.3,2021,25.354826,51.183884
634,Qatar,2022,3,2022,25.354826,51.183884
638,Réunion,2009,2.4,2009,-21.115141,55.536384
638,Réunion,2010,2.7,2010,-21.115141,55.536384
638,Réunion,2017,3.2,2017,-21.115141,55.536384
638,Réunion,2019,3.3,2019,-21.115141,55.536384
642,Romania,2011,1.8,2011,45.943161,24.96676
642,Romania,2012,1.9,2012,45.943161,24.96676
642,Romania,2013,1.9,2013,45.943161,24.96676
642,Romania,2014,2,2014,45.943161,24.96676
642,Romania,2015,2.4,2015,45.943161,24.96676
642,Romania,2016,2.8,2016,45.943161,24.96676
642,Romania,2017,2.8,2017,45.943161,24.96676
642,Romania,2018,2.9,2018,45.943161,24.96676
642,Romania,2019,3,2019,45.943161,24.96676
642,Romania,2020,1.6,2020,45.943161,24.96676
643,Russia,2015,3.3,2015,61.52401,105.318756
643,Russia,2016,3.4,2016,61.52401,105.318756
643,Russia,2017,2.7,2017,61.52401,105.318756
643,Russia,2018,2.7,2018,61.52401,105.318756
643,Russia,2019,2.8,2019,61.52401,105.318756
643,Russia,2020,2.4,2020,61.52401,105.318756
643,Russia,2021,2.6,2021,61.52401,105.318756
646,Rwanda,2014,2.4,2014,-1.940278,29.873888
646,Rwanda,2015,2.7,2015,-1.940278,29.873888
646,Rwanda,2016,3,2016,-1.940278,29.873888
646,Rwanda,2017,3.4,2017,-1.940278,29.873888
646,Rwanda,2018,3.4,2018,-1.940278,29.873888
646,Rwanda,2019,3.2,2019,-1.940278,29.873888
646,Rwanda,2020,0.9,2020,-1.940278,29.873888
662,Saint Lucia,2008,30,2008,13.909444,-60.978893
682,Saudi Arabia,2019,3.6,2019,23.885942,45.079162
682,Saudi Arabia,2020,1.6,2020,23.885942,45.079162
682,Saudi Arabia,2021,2.7,2021,23.885942,45.079162
694,Sierra Leone,2017,3.5,2017,8.460555,-11.779889
694,Sierra Leone,2018,4.1,2018,8.460555,-11.779889
694,Sierra Leone,2019,3.7,2019,8.460555,-11.779889
694,Sierra Leone,2020,5.6,2020,8.460555,-11.779889
702,Singapore,2015,2.6,2015,1.352083,103.819836
703,Slovakia,2013,2.4,2013,48.669026,19.699024
703,Slovakia,2014,2.2,2014,48.669026,19.699024
703,Slovakia,2015,2.6,2015,48.669026,19.699024
703,Slovakia,2016,2.7,2016,48.669026,19.699024
703,Slovakia,2017,2.6,2017,48.669026,19.699024
703,Slovakia,2018,2.7,2018,48.669026,19.699024
703,Slovakia,2019,2.9,2019,48.669026,19.699024
703,Slovakia,2020,1.5,2020,48.669026,19.699024
703,Slovakia,2021,1.4,2021,48.669026,19.699024
705,Slovenia,2009,4.9,2009,46.151241,14.995463
705,Slovenia,2012,4.9,2012,46.151241,14.995463
705,Slovenia,2014,4.9,2014,46.151241,14.995463
705,Slovenia,2015,4.9,2015,46.151241,14.995463
705,Slovenia,2017,5.3,2017,46.151241,14.995463
705,Slovenia,2019,5.4,2019,46.151241,14.995463
705,Slovenia,2020,3.3,2020,46.151241,14.995463
710,South Africa,2008,3,2008,-30.559482,22.937506
710,South Africa,2009,2.9,2009,-30.559482,22.937506
710,South Africa,2010,2.9,2010,-30.559482,22.937506
710,South Africa,2011,2.8,2011,-30.559482,22.937506
710,South Africa,2012,2.9,2012,-30.559482,22.937506
710,South Africa,2013,3.3,2013,-30.559482,22.937506
710,South Africa,2014,3.4,2014,-30.559482,22.937506
710,South Africa,2015,2.9,2015,-30.559482,22.937506
710,South Africa,2016,2.9,2016,-30.559482,22.937506
710,South Africa,2017,2.6,2017,-30.559482,22.937506
710,South Africa,2018,2.8,2018,-30.559482,22.937506
710,South Africa,2019,3.7,2019,-30.559482,22.937506
710,South Africa,2020,2.1,2020,-30.559482,22.937506
710,South Africa,2021,2.3,2021,-30.559482,22.937506
724,Spain,2016,6.5,2016,40.463667,-3.74922
724,Spain,2017,6.6,2017,40.463667,-3.74922
724,Spain,2018,6.7,2018,40.463667,-3.74922
724,Spain,2019,6.8,2019,40.463667,-3.74922
724,Spain,2020,5.4,2020,40.463667,-3.74922
144,Sri Lanka,2018,3.3,2018,7.873054,80.771797
275,Palestinian Territories,2009,2.2,2009,31.952162,35.233154
275,Palestinian Territories,2010,2.5,2010,31.952162,35.233154
275,Palestinian Territories,2011,1.9,2011,31.952162,35.233154
275,Palestinian Territories,2012,2.7,2012,31.952162,35.233154
275,Palestinian Territories,2013,2.1,2013,31.952162,35.233154
275,Palestinian Territories,2014,2.6,2014,31.952162,35.233154
275,Palestinian Territories,2015,1.7,2015,31.952162,35.233154
275,Palestinian Territories,2016,2.2,2016,31.952162,35.233154
275,Palestinian Territories,2017,2.6,2017,31.952162,35.233154
275,Palestinian Territories,2018,2.5,2018,31.952162,35.233154
275,Palestinian Territories,2019,2.9,2019,31.952162,35.233154
275,Palestinian Territories,2020,0.7,2020,31.952162,35.233154
752,Sweden,2008,2.7,2008,60.128161,18.643501
752,Sweden,2009,2.8,2009,60.128161,18.643501
752,Sweden,2010,2.5,2010,60.128161,18.643501
752,Sweden,2011,2.6,2011,60.128161,18.643501
752,Sweden,2012,2.7,2012,60.128161,18.643501
752,Sweden,2013,2.7,2013,60.128161,18.643501
752,Sweden,2014,2.6,2014,60.128161,18.643501
752,Sweden,2015,2.6,2015,60.128161,18.643501
752,Sweden,2016,2.7,2016,60.128161,18.643501
752,Sweden,2017,2.6,2017,60.128161,18.643501
752,Sweden,2018,2.6,2018,60.128161,18.643501
752,Sweden,2019,2.4,2019,60.128161,18.643501
752,Sweden,2020,1.7,2020,60.128161,18.643501
752,Sweden,2021,1.9,2021,60.128161,18.643501
756,Switzerland,2008,2.9,2008,46.818188,8.227512
756,Switzerland,2009,2.9,2009,46.818188,8.227512
756,Switzerland,2010,2.9,2010,46.818188,8.227512
756,Switzerland,2011,2.8,2011,46.818188,8.227512
756,Switzerland,2012,2.8,2012,46.818188,8.227512
756,Switzerland,2013,2.9,2013,46.818188,8.227512
756,Switzerland,2014,2.8,2014,46.818188,8.227512
756,Switzerland,2015,2.8,2015,46.818188,8.227512
756,Switzerland,2016,2.8,2016,46.818188,8.227512
756,Switzerland,2017,2.9,2017,46.818188,8.227512
756,Switzerland,2018,2.9,2018,46.818188,8.227512
756,Switzerland,2019,2.9,2019,46.818188,8.227512
756,Switzerland,2020,2.1,2020,46.818188,8.227512
756,Switzerland,2021,2.1,2021,46.818188,8.227512
756,Switzerland,2022,2.6,2022,46.818188,8.227512
762,Tajikistan,2017,4.7,2017,38.861034,71.276093
762,Tajikistan,2018,3.8,2018,38.861034,71.276093
762,Tajikistan,2019,4.3,2019,38.861034,71.276093
762,Tajikistan,2020,2.4,2020,38.861034,71.276093
762,Tajikistan,2021,3.4,2021,38.861034,71.276093
762,Tajikistan,2022,3.4,2022,38.861034,71.276093
764,Thailand,2010,3.6,2010,15.870032,100.992541
764,Thailand,2011,4.2,2011,15.870032,100.992541
764,Thailand,2012,4.7,2012,15.870032,100.992541
764,Thailand,2013,5.3,2013,15.870032,100.992541
764,Thailand,2014,5.2,2014,15.870032,100.992541
764,Thailand,2015,6.2,2015,15.870032,100.992541
764,Thailand,2016,6.9,2016,15.870032,100.992541
764,Thailand,2017,7.4,2017,15.870032,100.992541
764,Thailand,2018,7.4,2018,15.870032,100.992541
764,Thailand,2019,7.4,2019,15.870032,100.992541
764,Thailand,2020,2.2,2020,15.870032,100.992541
764,Thailand,2021,0.8,2021,15.870032,100.992541
788,Tunisia,2018,4.1,2018,33.886917,9.537499
788,Tunisia,2019,4.5,2019,33.886917,9.537499
788,Tunisia,2020,1.7,2020,33.886917,9.537499
788,Tunisia,2021,2,2021,33.886917,9.537499
788,Tunisia,2022,3.2,2022,33.886917,9.537499
800,Uganda,2016,3.7,2016,1.373333,32.290275
800,Uganda,2019,3.6,2019,1.373333,32.290275
800,Uganda,2022,2.4,2022,1.373333,32.290275
784,United Arab Emirates,2019,6.1,2019,23.424076,53.847818
784,United Arab Emirates,2020,3.9,2020,23.424076,53.847818
784,United Arab Emirates,2021,6.2,2021,23.424076,53.847818
826,United Kingdom,2008,3.4,2008,55.378051,-3.435973
826,United Kingdom,2009,3.5,2009,55.378051,-3.435973
826,United Kingdom,2010,3.4,2010,55.378051,-3.435973
826,United Kingdom,2011,3.6,2011,55.378051,-3.435973
826,United Kingdom,2012,3.7,2012,55.378051,-3.435973
826,United Kingdom,2013,3.7,2013,55.378051,-3.435973
826,United Kingdom,2014,3.6,2014,55.378051,-3.435973
826,United Kingdom,2015,3.9,2015,55.378051,-3.435973
826,United Kingdom,2016,3.4,2016,55.378051,-3.435973
826,United Kingdom,2017,3.4,2017,55.378051,-3.435973
826,United Kingdom,2018,3.2,2018,55.378051,-3.435973
826,United Kingdom,2019,3.6,2019,55.378051,-3.435973
826,United Kingdom,2020,1.8,2020,55.378051,-3.435973
840,United States,2008,2.8,2008,37.09024,-95.712891
840,United States,2009,2.7,2009,37.09024,-95.712891
840,United States,2010,2.7,2010,37.09024,-95.712891
840,United States,2011,2.8,2011,37.09024,-95.712891
840,United States,2012,2.8,2012,37.09024,-95.712891
840,United States,2014,2.9,2014,37.09024,-95.712891
858,Uruguay,2008,5.8,2008,-32.522779,-55.765835
858,Uruguay,2009,5.6,2009,-32.522779,-55.765835
858,Uruguay,2010,6.2,2010,-32.522779,-55.765835
858,Uruguay,2011,7.4,2011,-32.522779,-55.765835
858,Uruguay,2012,6.8,2012,-32.522779,-55.765835
858,Uruguay,2013,6.4,2013,-32.522779,-55.765835
858,Uruguay,2014,6.3,2014,-32.522779,-55.765835
858,Uruguay,2015,6.5,2015,-32.522779,-55.765835
858,Uruguay,2016,7.3,2016,-32.522779,-55.765835
858,Uruguay,2017,8.5,2017,-32.522779,-55.765835
858,Uruguay,2018,8.1,2018,-32.522779,-55.765835
858,Uruguay,2019,7,2019,-32.522779,-55.765835
704,Vietnam,2013,6.1,2013,14.058324,108.277199
704,Vietnam,2014,6.1,2014,14.058324,108.277199
704,Vietnam,2015,6.3,2015,14.058324,108.277199
704,Vietnam,2016,7,2016,14.058324,108.277199
704,Vietnam,2017,7.9,2017,14.058324,108.277199
704,Vietnam,2018,8.4,2018,14.058324,108.277199
704,Vietnam,2019,9.2,2019,14.058324,108.277199
704,Vietnam,2020,3.6,2020,14.058324,108.277199
704,Vietnam,2021,2,2021,14.058324,108.277199
